{"swagger":"2.0","info":{"title":"Word of the Day","description":"","version":"1.0"},"host":"api.wordnik.com","basePath":"/","schemes":["https"],"consumes":[],"produces":[],"paths":{"/v4/words.json/wordOfTheDay":{"get":{"responses":{"default":{"description":"default","schema":{"type":"object","properties":{"_id":{"type":"string","description":"_id"},"word":{"type":"string","description":"word"},"contentProvider":{"type":"object","properties":{"name":{"type":"string","description":"name"},"id":{"type":"integer","format":"int32","description":"id"}},"description":"contentProvider"}}},"headers":{"{":{"description":"{","type":"string"},"\"cache-control\"":{"description":"\"cache-control\"","type":"string"},"\"content-type\"":{"description":"\"content-type\"","type":"string"},"}":{"description":"}","type":"string"}}}},"summary":"GetWordOfTheDay","description":"GetWordOfTheDay","operationId":"GetWordOfTheDay","parameters":[{"name":"api_key","in":"query","required":false,"type":"string"}]}}},"definitions":{},"parameters":{},"responses":{},"securityDefinitions":{"api_key":{"type":"apiKey","in":"header","name":"api_key"}},"security":[],"tags":[]}